Country,Initial_Page,Order_Placed,percentage
Argentina,9473550,3277350,34.589999999999996
Brasil,8484930,1159620,13.669999999999998
Chile,3152790,606360,19.23
Uruguay,3682470,1654410,44.93
